 "referenceEntry" , "types" , "titles" , "years" , "authors" , "publishers" , "publications" , "publication_types" , "pages" , "dois" , "pmids" , "urls" ,
 "https://w3id.org/oc/corpus/br/44493" , "http://purl.org/spar/fabio/Expression | http://purl.org/spar/fabio/ReferenceEntry" , "Midwife-led continuity models versus other models of care for childbearing women" , "2013" , "Sandall - Jane | Soltani - Hora | Gates - Simon | Shennan - Andrew | Devane - Declan" , "Wiley-Blackwell" , "Cochrane Database of Systematic Reviews - Reviews" , "http://purl.org/spar/fabio/Expression | http://purl.org/spar/fabio/ExpressionCollection" ,  , "10.1002/14651858.cd004667.pub3" , "23963739" , "http://dx.doi.org/10.1002/14651858.cd004667.pub3" ,
 "https://w3id.org/oc/corpus/br/44495" , "http://purl.org/spar/fabio/Expression | http://purl.org/spar/fabio/ReferenceEntry" , "Midwife-led continuity models versus other models of care for childbearing women" , "2015" , "Sandall - Jane | Soltani - Hora | Gates - Simon | Shennan - Andrew | Devane - Declan" , "Wiley-Blackwell" , "Cochrane Database of Systematic Reviews - Reviews" , "http://purl.org/spar/fabio/Expression | http://purl.org/spar/fabio/ExpressionCollection" ,  , "10.1002/14651858.cd004667.pub4" , "26370160" , "http://dx.doi.org/10.1002/14651858.cd004667.pub4" ,
 "https://w3id.org/oc/corpus/br/35784" , "http://purl.org/spar/fabio/Expression | http://purl.org/spar/fabio/ReferenceEntry" , "Stroke liaison workers for stroke patients and carers: an individual patient data meta-analysis" , "2010" , "Mant - Jonathan | Ellis - Graham | Langhorne - Peter | Dennis - Martin | Winner - Simon" , "Wiley-Blackwell" , "Cochrane Database of Systematic Reviews - Reviews" , "http://purl.org/spar/fabio/Expression | http://purl.org/spar/fabio/ExpressionCollection" ,  , "10.1002/14651858.cd005066.pub2" ,  , "http://dx.doi.org/10.1002/14651858.cd005066.pub2" ,
 "https://w3id.org/oc/corpus/br/63498" , "http://purl.org/spar/fabio/Expression | http://purl.org/spar/fabio/ReferenceEntry" , "Acupuncture for dysphagia in acute stroke" , "2008" , "He - Jinghua | Wu - Taixiang | Xie - Yue | Wang - Liping" , "Wiley-Blackwell" , "Cochrane Database of Systematic Reviews - Reviews" , "http://purl.org/spar/fabio/Expression | http://purl.org/spar/fabio/ExpressionCollection" ,  , "10.1002/14651858.cd006076.pub2" , "18646136" , "http://dx.doi.org/10.1002/14651858.cd006076.pub2" ,
 "https://w3id.org/oc/corpus/br/65387" , "http://purl.org/spar/fabio/Expression | http://purl.org/spar/fabio/ReferenceEntry" , "Interventions for enhancing medication adherence" , "2008" , "Haynes - RB | Nieuwlaat - Robby | Wilczynski - Nancy | Navarro - Tamara | Hobson - Nicholas | Jeffery - Rebecca | Keepanasseril - Arun | Agoritsas - Thomas | Mistry - Niraj | Iorio - Alfonso | Jack - Susan | Sivaramalingam - Bhairavi | Iserman - Emma | Mustafa - Reem A | Jedraszewski - Dawn | Cotoi - Chris" , "Wiley-Blackwell" , "Cochrane Database of Systematic Reviews - Reviews" , "http://purl.org/spar/fabio/Expression | http://purl.org/spar/fabio/ExpressionCollection" ,  , "10.1002/14651858.cd000011.pub3" , "18425859" , "http://dx.doi.org/10.1002/14651858.cd000011.pub3" ,
 "https://w3id.org/oc/corpus/br/65507" , "http://purl.org/spar/fabio/Expression | http://purl.org/spar/fabio/ReferenceEntry" , "Interventions for enhancing medication adherence" , "2005" , "Haynes - RB | Yao - X | Degani - A | Kripalani - S | Garg - A | McDonald - HP" , "Wiley-Blackwell" , "Protocols - Cochrane Database of Systematic Reviews" , "http://purl.org/spar/fabio/Expression | http://purl.org/spar/fabio/ExpressionCollection" ,  , "10.1002/14651858.cd000011.pub2" , "16235271" , "http://dx.doi.org/10.1002/14651858.cd000011.pub2 | http://www.scopus.com/inward/record.url%3Feid" ,
 "https://w3id.org/oc/corpus/br/65810" , "http://purl.org/spar/fabio/Expression | http://purl.org/spar/fabio/ReferenceEntry" , "Olanzapine versus other atypical antipsychotics for schizophrenia" , "2010" , "Leucht - Stefan | Komossa - Katja | Rummel-Kluge - Christine | Hunger - Heike | Schmid - Franziska | Schwarz - Sandra | Duggan - Lorna | Kissling - Werner" , "Wiley-Blackwell" , "Cochrane Database of Systematic Reviews - Reviews" , "http://purl.org/spar/fabio/Expression | http://purl.org/spar/fabio/ExpressionCollection" ,  , "10.1002/14651858.cd006654.pub2" , "20238348" , "http://dx.doi.org/10.1002/14651858.cd006654.pub2" ,
 "https://w3id.org/oc/corpus/br/65812" , "http://purl.org/spar/fabio/Expression | http://purl.org/spar/fabio/ReferenceEntry" , "Olanzapine IM or velotab for acutely disturbed/agitated people with suspected serious mental illnesses" , "2005" , "Belgamwar - Ravindra B | Fenton - Mark" , "Wiley-Blackwell" , "Cochrane Database of Systematic Reviews - Reviews" , "http://purl.org/spar/fabio/Expression | http://purl.org/spar/fabio/ExpressionCollection" ,  , "10.1002/14651858.cd003729.pub2" , "15846678" , "http://dx.doi.org/10.1002/14651858.cd003729.pub2" ,
 "https://w3id.org/oc/corpus/br/67883" , "http://purl.org/spar/fabio/Expression | http://purl.org/spar/fabio/ReferenceEntry" , "Establishment of Fibroblast Cultures" , "2001" , "Takashima - Akira" , "Wiley-Blackwell" , "Current Protocols in Cell Biology" , "http://purl.org/spar/fabio/Expression | http://purl.org/spar/fabio/ExpressionCollection" ,  , "10.1002/0471143030.cb0201s00" , "18228346" , "http://dx.doi.org/10.1002/0471143030.cb0201s00" ,
 "https://w3id.org/oc/corpus/br/68378" , "http://purl.org/spar/fabio/Expression | http://purl.org/spar/fabio/ReferenceEntry" , "Mini-Mental State Examination (MMSE) for the detection of dementia in clinically unevaluated people aged 65 and over in community and primary care populations" , "2016" , "Creavin - Sam T | Wisniewski - Susanna | Noel-Storr - Anna H | Trevelyan - Clare M | Hampton - Thomas | Rayment - Dane | Thom - Victoria M | Nash - Kirsty J E | Elhamoui - Hosam | Milligan - Rowena | Patel - Anish S | Tsivos - Demitra V | Wing - Tracey | Phillips - Emma | Kellman - Sophie M | Shackleton - Hannah L | Singleton - Georgina F | Neale - Bethany E | Watton - Martha E | Cullum - Sarah" , "Wiley-Blackwell" , "Cochrane Database of Systematic Reviews - Reviews" , "http://purl.org/spar/fabio/Expression | http://purl.org/spar/fabio/ExpressionCollection" ,  , "10.1002/14651858.cd011145.pub2" , "26760674" , "http://dx.doi.org/10.1002/14651858.cd011145.pub2" ,
 "https://w3id.org/oc/corpus/br/68611" , "http://purl.org/spar/fabio/Expression | http://purl.org/spar/fabio/ReferenceEntry" , "Interventions to improve water quality for preventing diarrhoea" , "2015" , "Clasen - Thomas F | Alexander - Kelly T | Sinclair - David | Boisson - Sophie | Peletz - Rachel | Chang - Howard H | Majorin - Fiona | Cairncross - Sandy" , "Wiley-Blackwell" , "Cochrane Database of Systematic Reviews - Reviews" , "http://purl.org/spar/fabio/Expression | http://purl.org/spar/fabio/ExpressionCollection" ,  , "10.1002/14651858.cd004794.pub3" , "26488938" , "http://dx.doi.org/10.1002/14651858.cd004794.pub3" ,
 "https://w3id.org/oc/corpus/br/65517" , "http://purl.org/spar/fabio/Expression | http://purl.org/spar/fabio/ReferenceEntry" , "International Labour Organization" , "None" ,  , "Springer Science + Business Media" , "SpringerReference" , "http://purl.org/spar/fabio/Expression | http://purl.org/spar/fabio/ExpressionCollection" ,  , "10.1007/springerreference_225241" ,  , "http://dx.doi.org/10.1007/springerreference_225241" ,
 "https://w3id.org/oc/corpus/br/65808" , "http://purl.org/spar/fabio/Expression | http://purl.org/spar/fabio/ReferenceEntry" , "Quetiapine versus other atypical antipsychotics for schizophrenia" , "2013" , "Asmal - Laila | Flegar - Srnka J | Wang - Jikun | Rummel-Kluge - Christine | Komossa - Katja | Leucht - Stefan" , "Wiley-Blackwell" , "Cochrane Database of Systematic Reviews - Reviews" , "http://purl.org/spar/fabio/Expression | http://purl.org/spar/fabio/ExpressionCollection" ,  , "10.1002/14651858.cd006625.pub3" , "24249315" , "http://dx.doi.org/10.1002/14651858.cd006625.pub3" ,
 "https://w3id.org/oc/corpus/br/68786" , "http://purl.org/spar/fabio/Expression | http://purl.org/spar/fabio/ReferenceEntry" , "Intermittent preventive treatment for malaria in children living in areas with seasonal transmission" , "2012" , "Meremikwu - Martin M | Donegan - Sarah | Sinclair - David | Esu - Ekpereonne | Oringanje - Chioma" , "Wiley-Blackwell" , "Cochrane Database of Systematic Reviews - Reviews" , "http://purl.org/spar/fabio/Expression | http://purl.org/spar/fabio/ExpressionCollection" ,  , "10.1002/14651858.cd003756.pub4" , "22336792" , "http://dx.doi.org/10.1002/14651858.cd003756.pub4" ,
 "https://w3id.org/oc/corpus/br/69526" , "http://purl.org/spar/fabio/Expression | http://purl.org/spar/fabio/ReferenceEntry" , "Effect of longer-term modest salt reduction on blood pressure" , "2013" , "He - Feng J | Li - Jiafu | MacGregor - Graham A" , "Wiley-Blackwell" , "Cochrane Database of Systematic Reviews - Reviews" , "http://purl.org/spar/fabio/Expression | http://purl.org/spar/fabio/ExpressionCollection" ,  , "10.1002/14651858.cd004937.pub2" , "23633321" , "http://dx.doi.org/10.1002/14651858.cd004937.pub2" ,
 "https://w3id.org/oc/corpus/br/69873" , "http://purl.org/spar/fabio/Expression | http://purl.org/spar/fabio/ReferenceEntry" , "Tailored interventions to address determinants of practice" , "2015" , "Baker - Richard | Camosso-Stefinovic - Janette | Gillies - Clare | Shaw - Elizabeth J | Cheater - Francine | Flottorp - Signe | Robertson - Noelle | Wensing - Michel | Fiander - Michelle | Eccles - Martin P | Godycki-Cwirko - Maciek | van Lieshout - Jan | Jäger - Cornelia" , "Wiley-Blackwell" , "Cochrane Database of Systematic Reviews - Reviews" , "http://purl.org/spar/fabio/Expression | http://purl.org/spar/fabio/ExpressionCollection" ,  , "10.1002/14651858.cd005470.pub3" , "25923419" , "http://dx.doi.org/10.1002/14651858.cd005470.pub3" ,
 "https://w3id.org/oc/corpus/br/80270" , "http://purl.org/spar/fabio/Expression | http://purl.org/spar/fabio/ReferenceEntry" , "Galaxy: A Web-Based Genome Analysis Tool for Experimentalists" , "2010" , "Ananda - Guruprasad | Blankenberg - Daniel | Kuster - Gregory Von | Coraor - Nathaniel | Lazarus - Ross | Mangan - Mary | Nekrutenko - Anton | Taylor - James" , "Wiley-Blackwell" , "Current Protocols in Molecular Biology" , "http://purl.org/spar/fabio/Expression | http://purl.org/spar/fabio/ExpressionCollection" ,  , "10.1002/0471142727.mb1910s89 ( | 10.1002/0471142727.mb1910s89 | 10.1002/0471142727.mb1910s89." , "20069535" , "http://dx.doi.org/10.1002/0471142727.mb1910s89 | http://dx.doi.org | http://arxiv.org/abs/nihms150003 | http://onlinelibrary.wiley.com/doi/10.1002/0471142727.mb1910s89/abstract" ,
 "https://w3id.org/oc/corpus/br/61683" , "http://purl.org/spar/fabio/Expression | http://purl.org/spar/fabio/ReferenceEntry" , "Interventions for treating proximal humeral fractures in adults" , "2012" , "Handoll - Helen HG | Ollivere - Benjamin J | Rollins - Katie E" , "Wiley-Blackwell" , "Cochrane Database of Systematic Reviews - Reviews" , "http://purl.org/spar/fabio/Expression | http://purl.org/spar/fabio/ExpressionCollection" ,  , "10.1002/14651858.cd000434.pub3" , "23235575" , "http://dx.doi.org/10.1002/14651858.cd000434.pub3" ,
 "https://w3id.org/oc/corpus/br/61747" , "http://purl.org/spar/fabio/Expression | http://purl.org/spar/fabio/ReferenceEntry" , "Decision aids for people facing health treatment or screening decisions" , "2009" , "Entwistle - Vikki | O'Connor - Annette M. | Bennett - Carol L | Stacey - Dawn | Barry - Michael | Col - Nananda F | Eden - Karen B | Fiset - Valerie | Holmes-Rovner - Margaret | Khangura - Sara | Llewellyn-Thomas - Hilary | Rovner - David" , "Wiley-Blackwell" , "Cochrane Database of Systematic Reviews - Reviews" , "http://purl.org/spar/fabio/Expression | http://purl.org/spar/fabio/ExpressionCollection" ,  , "10.1002/14651858.cd001431.pub2" , "19588325" , "http://dx.doi.org/10.1002/14651858.cd001431.pub2 | http://onlinelibrary.wiley.com/doi/10.1002/14651858.cd001431.pub3/abstract" ,
 "https://w3id.org/oc/corpus/br/93172" , "http://purl.org/spar/fabio/Expression | http://purl.org/spar/fabio/ReferenceEntry" , "Interventions for promoting smoking cessation during pregnancy" , "2009" , "Watson - Lyndsey | Lumley - Judith | Chamberlain - Catherine | Dowswell - Therese | Oliver - Sandy | Oakley - Laura" , "Wiley-Blackwell" , "Cochrane Database of Systematic Reviews - Reviews" , "http://purl.org/spar/fabio/Expression | http://purl.org/spar/fabio/ExpressionCollection" ,  , "10.1002/14651858.cd001055.pub3" , "19588322" , "http://dx.doi.org/10.1002/14651858.cd001055.pub3" ,
 "https://w3id.org/oc/corpus/br/70789" , "http://purl.org/spar/fabio/Expression | http://purl.org/spar/fabio/ReferenceEntry" , "Low protein diets for chronic kidney disease in non diabetic adults" , "2006" , "Fouque - Denis | Laville - Maurice | Boissel - Jean-Pierre" , "Wiley-Blackwell" , "Cochrane Database of Systematic Reviews - Reviews" , "http://purl.org/spar/fabio/Expression | http://purl.org/spar/fabio/ExpressionCollection" ,  , "10.1002/14651858.cd001892.pub2" , "16625550" , "http://dx.doi.org/10.1002/14651858.cd001892.pub2" ,
 "https://w3id.org/oc/corpus/br/71812" , "http://purl.org/spar/fabio/Expression | http://purl.org/spar/fabio/ReferenceEntry" , "The effect of financial incentives on the quality of health care provided by primary care physicians" , "2011" , "Scott - Anthony | Sivey - Peter | Ait Ouakrim - Driss | Willenberg - Lisa | Naccarella - Lucio | Furler - John | Young - Doris" , "Wiley-Blackwell" , "Cochrane Database of Systematic Reviews - Reviews" , "http://purl.org/spar/fabio/Expression | http://purl.org/spar/fabio/ExpressionCollection" ,  , "10.1002/14651858.cd008451.pub2" , "21901722" , "http://dx.doi.org/10.1002/14651858.cd008451.pub2" ,
 "https://w3id.org/oc/corpus/br/73324" , "http://purl.org/spar/fabio/Expression | http://purl.org/spar/fabio/ReferenceEntry" , "Paying for performance to improve the delivery of health interventions in low- and middle-income countries" , "2012" , "Witter - Sophie | Fretheim - Atle | Kessy - Flora L | Lindahl - Anne Karin" , "Wiley-Blackwell" , "Protocols - Cochrane Database of Systematic Reviews" , "http://purl.org/spar/fabio/Expression | http://purl.org/spar/fabio/ExpressionCollection" ,  , "10.1002/14651858.cd007899.pub2" , "22336833" , "http://dx.doi.org/10.1002/14651858.cd007899.pub2 | http://summaries.cochrane.org/cd007899/paying-for-performance-to-improve-the-delivery-of-health-interventions-in-low-and-middle-income-countries" ,
 "https://w3id.org/oc/corpus/br/73427" , "http://purl.org/spar/fabio/Expression | http://purl.org/spar/fabio/ReferenceEntry" , "Interventions to optimise prescribing for older people in care homes" , "2013" , "Alldred - D P | Raynor - David K | Hughes - Carmel | Barber - Nick | Chen - Timothy F | Spoor - Pat" , "Wiley-Blackwell" , "Cochrane Database of Systematic Reviews - Reviews" , "http://purl.org/spar/fabio/Expression | http://purl.org/spar/fabio/ExpressionCollection" ,  , "10.1002/14651858.cd009095.pub2" , "23450597" , "http://dx.doi.org/10.1002/14651858.cd009095.pub2" ,
 "https://w3id.org/oc/corpus/br/62031" , "http://purl.org/spar/fabio/Expression | http://purl.org/spar/fabio/ReferenceEntry" , "Cognitive training and cognitive rehabilitation for mild to moderate Alzheimer's disease and vascular dementia" , "2013" , "Bahar-Fuchs - Alex | Clare - Linda | Woods - Bob" , "Wiley-Blackwell" , "Cochrane Database of Systematic Reviews - Reviews" , "http://purl.org/spar/fabio/Expression | http://purl.org/spar/fabio/ExpressionCollection" ,  , "10.1002/14651858.cd003260.pub2" , "23740535" , "http://dx.doi.org/10.1002/14651858.cd003260.pub2" ,
 "https://w3id.org/oc/corpus/br/62266" , "http://purl.org/spar/fabio/Expression | http://purl.org/spar/fabio/ReferenceEntry" , "Interventions to improve outpatient referrals from primary care to secondary care" , "2008" , "Grimshaw - Jeremy M | Glidewell - Liz | Akbari - Ayub | Mayhew - Alain | Al-Alawi - Manal Alawi | Winkens - Ron | Pritchard - Chanie | Thomas - Ruth | Fraser - Cynthia" , "Wiley-Blackwell" , "Cochrane Database of Systematic Reviews - Reviews" , "http://purl.org/spar/fabio/Expression | http://purl.org/spar/fabio/ExpressionCollection" ,  , "10.1002/14651858.cd005471.pub2" , "18843691" , "http://dx.doi.org/10.1002/14651858.cd005471.pub2 | http://onlinelibrary.wiley.com" ,
 "https://w3id.org/oc/corpus/br/79330" , "http://purl.org/spar/fabio/Expression | http://purl.org/spar/fabio/ReferenceEntry" , "Strategies to improve retention in randomised trials" , "2013" , "Tierney - Jayne | Stenning - Sally | Harding - Seeromanie | Meredith - Sarah | Rait - Greta | Nazareth - Irwin | Brueton - Valerie C" , "Wiley-Blackwell" , "Cochrane Database of Systematic Reviews - Reviews" , "http://purl.org/spar/fabio/Expression | http://purl.org/spar/fabio/ExpressionCollection" ,  , "10.1002/14651858.mr000032.pub2" , "24297482" , "http://dx.doi.org/10.1002/14651858.mr000032.pub2" ,
 "https://w3id.org/oc/corpus/br/74585" , "http://purl.org/spar/fabio/Expression | http://purl.org/spar/fabio/ReferenceEntry" , "Interventions for treating obesity in children" , "2009" , "Summerbell - CD | Oude Luttikhuis - Hiltje | Baur - Louise | Jansen - Hanneke | Shrewsbury - Vanessa A | O'Malley - Claire | Stolk - Ronald P" , "Wiley-Blackwell" , "Cochrane Database of Systematic Reviews - Reviews" , "http://purl.org/spar/fabio/Expression | http://purl.org/spar/fabio/ExpressionCollection" ,  , "10.1002/14651858.cd001872.pub2" , "19160202" , "http://dx.doi.org/10.1002/14651858.cd001872.pub2" ,
 "https://w3id.org/oc/corpus/br/74708" , "http://purl.org/spar/fabio/Expression | http://purl.org/spar/fabio/ReferenceEntry" , "Interventions for treating placental abruption" , "2003" , "Neilson - James P" , "Wiley-Blackwell" , "Cochrane Database of Systematic Reviews - Reviews" , "http://purl.org/spar/fabio/Expression | http://purl.org/spar/fabio/ExpressionCollection" ,  , "10.1002/14651858.cd003247" , "12535464" , "http://dx.doi.org/10.1002/14651858.cd003247" ,
 "https://w3id.org/oc/corpus/br/74721" , "http://purl.org/spar/fabio/Expression | http://purl.org/spar/fabio/ReferenceEntry" , "Customised versus population-based growth charts as a screening tool for detecting small for gestational age infants in low-risk pregnant women" , "2011" , "Carberry - Angela E | Gordon - Adrienne | Bond - Diana M | Hyett - Jon | Raynes-Greenow - Camille H | Jeffery - Heather E" , "Wiley-Blackwell" , "Cochrane Database of Systematic Reviews - Reviews" , "http://purl.org/spar/fabio/Expression | http://purl.org/spar/fabio/ExpressionCollection" ,  , "10.1002/14651858.cd008549.pub2" , "22161432" , "http://dx.doi.org/10.1002/14651858.cd008549.pub2" ,
 "https://w3id.org/oc/corpus/br/74725" , "http://purl.org/spar/fabio/Expression | http://purl.org/spar/fabio/ReferenceEntry" , "Antithrombotic therapy for improving maternal or infant health outcomes in women considered at risk of placental dysfunction" , "2013" , "Dodd - Jodie M | McLeod - Anne | Windrim - Rory C | Kingdom - John" , "Wiley-Blackwell" , "Cochrane Database of Systematic Reviews - Reviews" , "http://purl.org/spar/fabio/Expression | http://purl.org/spar/fabio/ExpressionCollection" ,  , "10.1002/14651858.cd006780.pub3" ,  , "http://dx.doi.org/10.1002/14651858.cd006780.pub3" ,
 "https://w3id.org/oc/corpus/br/75511" , "http://purl.org/spar/fabio/Expression | http://purl.org/spar/fabio/ReferenceEntry" , "Cell salvage for minimising perioperative allogeneic blood transfusion" , "2003" , "Carless - PA | Henry - DA | Moxey - AJ | O'Connell - DL | Brown - T | Fergusson - DA" , "Wiley-Blackwell" , "The Cochrane Database of Systematic Reviews - Reviews" , "http://purl.org/spar/fabio/Expression | http://purl.org/spar/fabio/ExpressionCollection" ,  , "10.1002/14651858.cd001888" ,  , "http://dx.doi.org/10.1002/14651858.cd001888" ,
 "https://w3id.org/oc/corpus/br/81041" , "http://purl.org/spar/fabio/Expression | http://purl.org/spar/fabio/ReferenceEntry" , "Reminder packaging for improving adherence to self-administered long-term medications" , "2006" , "Heneghan - Carl J | Glasziou - Paul P | Perera - Rafael" , "Wiley-Blackwell" , "Cochrane Database of Systematic Reviews - Reviews" , "http://purl.org/spar/fabio/Expression | http://purl.org/spar/fabio/ExpressionCollection" ,  , "10.1002/14651858.cd005025.pub2" , "16437510" , "http://dx.doi.org/10.1002/14651858.cd005025.pub2" ,
 "https://w3id.org/oc/corpus/br/81365" , "http://purl.org/spar/fabio/Expression | http://purl.org/spar/fabio/ReferenceEntry" , "Heat Stroke" , "2015" , "Leon - Lisa R. | Bouchama - Abderrezak" , "Wiley-Blackwell" , "Comprehensive Physiology" , "http://purl.org/spar/fabio/Expression | http://purl.org/spar/fabio/ExpressionCollection" , "611--647" , "10.1002/cphy.c140017" , "25880507" , "http://dx.doi.org/10.1002/cphy.c140017" ,
 "https://w3id.org/oc/corpus/br/82083" , "http://purl.org/spar/fabio/Expression | http://purl.org/spar/fabio/ReferenceEntry" , "Lack of Exercise Is a Major Cause of Chronic Diseases" , "2012" , "Booth - Frank W. | Roberts - Christian K. | Laye - Matthew J." , "Wiley-Blackwell" , "Comprehensive Physiology" , "http://purl.org/spar/fabio/Expression | http://purl.org/spar/fabio/ExpressionCollection" ,  , "10.1002/cphy.c110025" , "23798298" , "http://dx.doi.org/10.1002/cphy.c110025" ,
 "https://w3id.org/oc/corpus/br/82810" , "http://purl.org/spar/fabio/Expression | http://purl.org/spar/fabio/ReferenceEntry" , "St John's wort for major depression" , "2008" , "Kriston - Levente | Linde - Klaus | Berner - Michael M" , "Wiley-Blackwell" , "Cochrane Database of Systematic Reviews - Reviews" , "http://purl.org/spar/fabio/Expression | http://purl.org/spar/fabio/ExpressionCollection" ,  , "10.1002/14651858.cd000448.pub3" , "18843608" , "http://dx.doi.org/10.1002/14651858.cd000448.pub3" ,
 "https://w3id.org/oc/corpus/br/84144" , "http://purl.org/spar/fabio/Expression | http://purl.org/spar/fabio/ReferenceEntry" , "Interventions to improve antibiotic prescribing practices for hospital inpatients" , "2013" , "Davey - Peter | Brown - Erwin | Charani - Esmita | Fenelon - Lynda | Gould - Ian M | Holmes - Alison | Ramsay - Craig R | Wiffen - Philip J | Wilcox - Mark" , "Wiley-Blackwell" , "Cochrane Database of Systematic Reviews - Reviews" , "http://purl.org/spar/fabio/Expression | http://purl.org/spar/fabio/ExpressionCollection" ,  , "10.1002/14651858.cd003543.pub3" , "23633313" , "http://dx.doi.org/10.1002/14651858.cd003543.pub3" ,
 "https://w3id.org/oc/corpus/br/84270" , "http://purl.org/spar/fabio/Expression | http://purl.org/spar/fabio/ReferenceEntry" , "De-escalation of antimicrobial treatment for adults with sepsis, severe sepsis or septic shock" , "2013" , "Silva - Brenda NG | Andriolo - Régis B | Atallah - Álvaro N | Salomão - Reinaldo" , "Wiley-Blackwell" , "Cochrane Database of Systematic Reviews - Reviews" , "http://purl.org/spar/fabio/Expression | http://purl.org/spar/fabio/ExpressionCollection" ,  , "10.1002/14651858.cd007934.pub3" , "23543557" , "http://dx.doi.org/10.1002/14651858.cd007934.pub3" ,
 "https://w3id.org/oc/corpus/br/76196" , "http://purl.org/spar/fabio/Expression | http://purl.org/spar/fabio/ReferenceEntry" , "Exercise to improve self-esteem in children and young people" , "2002" , "Ekeland - E | Heian - F | Hagen - KB | Abbott - J | Nordheim - L" , "Wiley-Blackwell" , "The Cochrane Database of Systematic Reviews - Reviews" , "http://purl.org/spar/fabio/Expression | http://purl.org/spar/fabio/ExpressionCollection" ,  , "10.1002/14651858.cd003683" ,  , "http://dx.doi.org/10.1002/14651858.cd003683" ,
 "https://w3id.org/oc/corpus/br/76217" , "http://purl.org/spar/fabio/Expression | http://purl.org/spar/fabio/ReferenceEntry" , "School-based physical activity programs for promoting physical activity and fitness in children and adolescents aged 6 to 18" , "2013" , "Dobbins - Maureen | Husson - Heather | DeCorby - Kara | LaRocca - Rebecca L" , "Wiley-Blackwell" , "Protocols - Cochrane Database of Systematic Reviews" , "http://purl.org/spar/fabio/Expression | http://purl.org/spar/fabio/ExpressionCollection" ,  , "10.1002/14651858.cd007651.pub2" , "23450577" , "http://dx.doi.org/10.1002/14651858.cd007651.pub2" ,
 "https://w3id.org/oc/corpus/br/77349" , "http://purl.org/spar/fabio/Expression | http://purl.org/spar/fabio/ReferenceEntry" , "Kangaroo mother care to reduce morbidity and mortality in low birthweight infants" , "2014" , "Conde-Agudelo - Agustin | Díaz-Rossello - José L" , "Wiley-Blackwell" , "Cochrane Database of Systematic Reviews - Reviews" , "http://purl.org/spar/fabio/Expression | http://purl.org/spar/fabio/ExpressionCollection" ,  , "10.1002/14651858.cd002771.pub3" , "24752403" , "http://dx.doi.org/10.1002/14651858.cd002771.pub3" ,
 "https://w3id.org/oc/corpus/br/77973" , "http://purl.org/spar/fabio/Expression | http://purl.org/spar/fabio/ReferenceEntry" , "Exercise-based rehabilitation for heart failure" , "2014" , "Taylor - Rod S | Sagar - Viral A | Davies - Ed J | Briscoe - Simon | Coats - Andrew JS | Dalal - Hayes | Lough - Fiona | Rees - Karen | Singh - Sally" , "Wiley-Blackwell" , "Cochrane Database of Systematic Reviews - Reviews" , "http://purl.org/spar/fabio/Expression | http://purl.org/spar/fabio/ExpressionCollection" ,  , "10.1002/14651858.cd003331.pub4" , "24771460" , "http://dx.doi.org/10.1002/14651858.cd003331.pub4" ,
 "https://w3id.org/oc/corpus/br/78561" , "http://purl.org/spar/fabio/Expression | http://purl.org/spar/fabio/ReferenceEntry" , "Insulin for glycaemic control in acute ischaemic stroke" , "2011" , "Bellolio - M Fernanda | Gilmore - Rachel M | Stead - Latha G" , "Wiley-Blackwell" , "Protocols - Cochrane Database of Systematic Reviews" , "http://purl.org/spar/fabio/Expression | http://purl.org/spar/fabio/ExpressionCollection" ,  , "10.1002/14651858.cd005346.pub3" , "21901697" , "http://dx.doi.org/10.1002/14651858.cd005346.pub3" ,
 "https://w3id.org/oc/corpus/br/79182" , "http://purl.org/spar/fabio/Expression | http://purl.org/spar/fabio/ReferenceEntry" , "The impact of conditional cash transfers on health outcomes and use of health services in low and middle income countries" , "2009" , "Lagarde - Mylene | Haines - Andy | Palmer - Natasha" , "Wiley-Blackwell" , "Cochrane Database of Systematic Reviews - Reviews" , "http://purl.org/spar/fabio/Expression | http://purl.org/spar/fabio/ExpressionCollection" ,  , "10.1002/14651858.cd008137" , "19821444" , "http://dx.doi.org/10.1002/14651858.cd008137" ,
 "https://w3id.org/oc/corpus/br/79266" , "http://purl.org/spar/fabio/Expression | http://purl.org/spar/fabio/ReferenceEntry" , "Routine hospital admission versus out-patient or home care in children at diagnosis of type 1 diabetes mellitus" , "2007" , "Clar - Christine | Waugh - Norman | Thomas - Sian" , "Wiley-Blackwell" , "Cochrane Database of Systematic Reviews - Reviews" , "http://purl.org/spar/fabio/Expression | http://purl.org/spar/fabio/ExpressionCollection" ,  , "10.1002/14651858.cd004099.pub2" , "17443539" , "http://dx.doi.org/10.1002/14651858.cd004099.pub2" ,
 "https://w3id.org/oc/corpus/br/79328" , "http://purl.org/spar/fabio/Expression | http://purl.org/spar/fabio/ReferenceEntry" , "Methods to increase response to postal and electronic questionnaires" , "2009" , "Edwards - Philip James | Roberts - Ian | Clarke - Mike J | DiGuiseppi - Carolyn | Wentz - Reinhard | Kwan - Irene | Cooper - Rachel | Felix - Lambert M | Pratap - Sarah" , "Wiley-Blackwell" , "Protocols - Cochrane Database of Systematic Reviews" , "http://purl.org/spar/fabio/Expression | http://purl.org/spar/fabio/ExpressionCollection" ,  , "10.1002/14651858.mr000008.pub4" , "19588449" , "http://dx.doi.org/10.1002/14651858.mr000008.pub4 | http://www.cochrane.org/mr000008/method_methods-to-increase-response-to-postal-and-electronic-questionnaires" ,
 "https://w3id.org/oc/corpus/br/84950" , "http://purl.org/spar/fabio/Expression | http://purl.org/spar/fabio/ReferenceEntry" , "Home- or community-based programmes for treating malaria" , "2013" , "Nagpal - Sukrti | Musekiwa - Alfred | Sinclair - David | Okwundu - Charles I" , "Wiley-Blackwell" , "Cochrane Database of Systematic Reviews - Reviews" , "http://purl.org/spar/fabio/Expression | http://purl.org/spar/fabio/ExpressionCollection" ,  , "10.1002/14651858.cd009527.pub2" , "23728693" , "http://dx.doi.org/10.1002/14651858.cd009527.pub2" ,
 "https://w3id.org/oc/corpus/br/84954" , "http://purl.org/spar/fabio/Expression | http://purl.org/spar/fabio/ReferenceEntry" , "Rapid diagnostic tests for diagnosing uncomplicated non-falciparum or Plasmodium vivax malaria in endemic countries" , "2014" , "Deeks - J | Garner - P | Abba - Katharine | Kirkham - Amanda J | Olliaro - Piero L | Donegan - Sarah | Takwoingi - Yemisi" , "Wiley-Blackwell" , "Cochrane Database of Systematic Reviews - Reviews" , "http://purl.org/spar/fabio/Expression | http://purl.org/spar/fabio/ExpressionCollection" ,  , "10.1002/14651858.cd011431" , "25519857" , "http://dx.doi.org/10.1002/14651858.cd011431" ,
 "https://w3id.org/oc/corpus/br/87288" , "http://purl.org/spar/fabio/Expression | http://purl.org/spar/fabio/ReferenceEntry" , "Colloid solutions for fluid resuscitation" , "2003" , "Bunn - Frances | Alderson - P | Hawkins - V" , "Wiley-Blackwell" , "The Cochrane Database of Systematic Reviews - Reviews" , "http://purl.org/spar/fabio/Expression | http://purl.org/spar/fabio/ExpressionCollection" ,  , "10.1002/14651858.cd001319" , "11405985" , "http://dx.doi.org/10.1002/14651858.cd001319" ,
 "https://w3id.org/oc/corpus/br/87314" , "http://purl.org/spar/fabio/Expression | http://purl.org/spar/fabio/ReferenceEntry" , "Preoperative statin therapy for patients undergoing cardiac surgery" , "2015" , "Kuhn - Elmar W | Slottosch - Ingo | Wahlers - Thorsten | Liakopoulos - Oliver J" , "Wiley-Blackwell" , "Cochrane Database of Systematic Reviews - Reviews" , "http://purl.org/spar/fabio/Expression | http://purl.org/spar/fabio/ExpressionCollection" ,  , "10.1002/14651858.cd008493.pub3" , "26270008" , "http://dx.doi.org/10.1002/14651858.cd008493.pub3" ,
 "https://w3id.org/oc/corpus/br/87319" , "http://purl.org/spar/fabio/Expression | http://purl.org/spar/fabio/ReferenceEntry" , "International Federation of Red Cross and Red Crescent Societies(IFRC)" , "None" , "Sagert - Kelly Boyer" , "SAGE Publications" , "Encyclopedia of Global Health" , "http://purl.org/spar/fabio/Expression | http://purl.org/spar/fabio/ExpressionCollection" ,  , "10.4135/9781412963855.n645" ,  , "http://dx.doi.org/10.4135/9781412963855.n645 | http://www.ifrc.org/en/news-and-media/press-releases/general/red-cross-red-crescent-leaders-and-states-take-decisive-steps-to-advance-principled-action- | http://www.ifrc.org/pagefiles/89397/the%2520phenomenon%2520of%2520migration_typefi_final_en.pdf | http://www.ifrc.org/global/publications/health/epidemic-control-en.pdf | http://www.ifrc.org/global/documents/secretariat/201411/ifrc%2520annual%2520report%25202013_final.pdf | http://www.ifrc.org/global/publications/disasters/guidelines/guidelines-cash-en.pdf | http://www.ifrc.org/en/what-we-do/disaster-management/about-disasters/what-is-a-disaster | http://www.ifrc.org/en/news-and-media/news-stories/americas/chile | https://www.ifrc.org/global/documents/secretariat/201410/wdr%25202014.pdf | http://www.ifrc.org/pagefiles/113731/tacklingmalnutritioninniger-en.pdf | https://www.ifrc.org/docs/appeals/rpts14/ibnpinls030814.pdf" ,
 "https://w3id.org/oc/corpus/br/89190" , "http://purl.org/spar/fabio/Expression | http://purl.org/spar/fabio/ReferenceEntry" , "Rodent Models of Colorectal Distension" , "2012" , "Cryan - John F. | O'Mahony - Siobhain M. | Tramullas - Monica | Fitzgerald - Patrick" , "Wiley-Blackwell" , "Current Protocols in Neuroscience" , "http://purl.org/spar/fabio/Expression | http://purl.org/spar/fabio/ExpressionCollection" ,  , "10.1002/0471142301.ns0940s61" , "23093353" , "http://dx.doi.org/10.1002/0471142301.ns0940s61" ,
 "https://w3id.org/oc/corpus/br/91832" , "http://purl.org/spar/fabio/Expression | http://purl.org/spar/fabio/ReferenceEntry" , "Differentiation and Characterization of Dendritic Cells from Human Embryonic Stem Cells" , "2012" , "Mohib - Kanishka | Wang - Lisheng" , "Wiley-Blackwell" , "Current Protocols in Immunology" , "http://purl.org/spar/fabio/Expression | http://purl.org/spar/fabio/ExpressionCollection" ,  , "10.1002/0471142735.im22f11s98" , "22855358" , "http://dx.doi.org/10.1002/0471142735.im22f11s98" ,
 "https://w3id.org/oc/corpus/br/92037" , "http://purl.org/spar/fabio/Expression | http://purl.org/spar/fabio/ReferenceEntry" , "Using XHMM Software to Detect Copy Number Variation in Whole-Exome Sequencing Data" , "2014" , "Fromer - Menachem | Purcell - Shaun M." , "Wiley-Blackwell" , "Current Protocols in Human Genetics" , "http://purl.org/spar/fabio/Expression | http://purl.org/spar/fabio/ExpressionCollection" , "7.23.1--7.23.21" , "10.1002/0471142905.hg0723s81" , "24763994" , "http://dx.doi.org/10.1002/0471142905.hg0723s81" ,
 "https://w3id.org/oc/corpus/br/93120" , "http://purl.org/spar/fabio/Expression | http://purl.org/spar/fabio/ReferenceEntry" , "Biophysical profile for fetal assessment in high risk pregnancies" , "2008" , "Devane - Declan | Lalor - Joan G | Fawole - Bukola | Alfirevic - Zarko" , "Wiley-Blackwell" , "Cochrane Database of Systematic Reviews - Reviews" , "http://purl.org/spar/fabio/Expression | http://purl.org/spar/fabio/ExpressionCollection" ,  , "10.1002/14651858.cd000038.pub2" , "18253968" , "http://dx.doi.org/10.1002/14651858.cd000038.pub2" ,
 "https://w3id.org/oc/corpus/br/93126" , "http://purl.org/spar/fabio/Expression | http://purl.org/spar/fabio/ReferenceEntry" , "Fetal and umbilical Doppler ultrasound in high-risk pregnancies" , "2013" , "Alfirevic - Zarko | Stampalija - Tamara | Gyte - Gillian ML" , "Wiley-Blackwell" , "Cochrane Database of Systematic Reviews - Reviews" , "http://purl.org/spar/fabio/Expression | http://purl.org/spar/fabio/ExpressionCollection" ,  , "10.1002/14651858.cd007529.pub3" , "24222334" , "http://dx.doi.org/10.1002/14651858.cd007529.pub3" ,
 "https://w3id.org/oc/corpus/br/93165" , "http://purl.org/spar/fabio/Expression | http://purl.org/spar/fabio/ReferenceEntry" , "Antenatal dietary education and supplementation to increase energy and protein intake" , "2015" , "Ota - Erika | Hori - Hiroyuki | Mori - Rintaro | Tobe-Gai - Ruoyan | Farrar - Diane" , "Wiley-Blackwell" , "Cochrane Database of Systematic Reviews - Reviews" , "http://purl.org/spar/fabio/Expression | http://purl.org/spar/fabio/ExpressionCollection" ,  , "10.1002/14651858.cd000032.pub3" , "26031211" , "http://dx.doi.org/10.1002/14651858.cd000032.pub3" ,
 "https://w3id.org/oc/corpus/br/93167" , "http://purl.org/spar/fabio/Expression | http://purl.org/spar/fabio/ReferenceEntry" , "Multiple-micronutrient supplementation for women during pregnancy" , "2015" , "Haider - Batool A | Bhutta - Zulfiqar A" , "Wiley-Blackwell" , "Cochrane Database of Systematic Reviews - Reviews" , "http://purl.org/spar/fabio/Expression | http://purl.org/spar/fabio/ExpressionCollection" ,  , "10.1002/14651858.cd004905.pub4" , "26522344" , "http://dx.doi.org/10.1002/14651858.cd004905.pub4" ,
 "https://w3id.org/oc/corpus/br/93170" , "http://purl.org/spar/fabio/Expression | http://purl.org/spar/fabio/ReferenceEntry" , "Antiplatelet agents for preventing pre-eclampsia and its complications" , "2007" , "Duley - L | Henderson-Smart - David J | Meher - Shireen | King - James F" , "Wiley-Blackwell" , "Cochrane Database of Systematic Reviews - Reviews" , "http://purl.org/spar/fabio/Expression | http://purl.org/spar/fabio/ExpressionCollection" ,  , "10.1002/14651858.cd004659.pub2" , "17443552" , "http://dx.doi.org/10.1002/14651858.cd004659.pub2" ,
 "https://w3id.org/oc/corpus/br/97000" , "http://purl.org/spar/fabio/Expression | http://purl.org/spar/fabio/ReferenceEntry" , "Lay health workers in primary and community health care for maternal and child health and the management of infectious diseases" , "2010" , "van Wyk - Brian E | Odgaard-Jensen - Jan | Johansen - Marit | Aja - Godwin N | Scheel - Inger B | Zwarenstein - Merrick | Lewin - Simon | Munabi-Babigumira - Susan | Glenton - Claire | Daniels - Karen | Bosch-Capblanch - Xavier" , "Wiley-Blackwell" , "Cochrane Database of Systematic Reviews - Reviews" , "http://purl.org/spar/fabio/Expression | http://purl.org/spar/fabio/ExpressionCollection" ,  , "10.1002/14651858.cd004015.pub3" , "20238326" , "http://dx.doi.org/10.1002/14651858.cd004015.pub3" ,
 "https://w3id.org/oc/corpus/br/97788" , "http://purl.org/spar/fabio/Expression | http://purl.org/spar/fabio/ReferenceEntry" , "Management of faecal incontinence and constipation in adults with central neurological diseases" , "2014" , "Coggrave - Maureen | Norton - Christine | Cody - June D" , "Wiley-Blackwell" , "Cochrane Database of Systematic Reviews - Reviews" , "http://purl.org/spar/fabio/Expression | http://purl.org/spar/fabio/ExpressionCollection" ,  , "10.1002/14651858.cd002115.pub5" , "24420006" , "http://dx.doi.org/10.1002/14651858.cd002115.pub5" ,
 "https://w3id.org/oc/corpus/br/104145" , "http://purl.org/spar/fabio/Expression | http://purl.org/spar/fabio/ReferenceEntry" , "Multimedia educational interventions for consumers about prescribed and over-the-counter medications" , "2013" , "Ciciriello - Sabina | Johnston - Renea V | Osborne - Richard H | Wicks - Ian | deKroo - Tanya | Clerehan - Rosemary | O'Neill - Clare | Buchbinder - Rachelle" , "Wiley-Blackwell" , "Cochrane Database of Systematic Reviews - Reviews" , "http://purl.org/spar/fabio/Expression | http://purl.org/spar/fabio/ExpressionCollection" ,  , "10.1002/14651858.cd008416.pub2" ,  , "http://dx.doi.org/10.1002/14651858.cd008416.pub2" ,
 "https://w3id.org/oc/corpus/br/104223" , "http://purl.org/spar/fabio/Expression | http://purl.org/spar/fabio/ReferenceEntry" , "Audit and feedback: effects on professional practice and health care outcomes" , "2006" , "Jamtvedt - Gro | Young - Jane M | Kristoffersen - Doris Tove | O'Brien - Mary Ann | Oxman - Andrew D" , "Wiley-Blackwell" , "Cochrane Database of Systematic Reviews - Reviews" , "http://purl.org/spar/fabio/Expression | http://purl.org/spar/fabio/ExpressionCollection" ,  , "10.1002/14651858.cd000259.pub2" , "16625533" , "http://dx.doi.org/10.1002/14651858.cd000259.pub2" ,
 "https://w3id.org/oc/corpus/br/105099" , "http://purl.org/spar/fabio/Expression | http://purl.org/spar/fabio/ReferenceEntry" , "Male circumcision for prevention of heterosexual acquisition of HIV in men" , "2009" , "Deeks - J | Siegfried - Nandi | Muller - Martie | Volmink - Jimmy" , "Wiley-Blackwell" , "Cochrane Database of Systematic Reviews - Reviews" , "http://purl.org/spar/fabio/Expression | http://purl.org/spar/fabio/ExpressionCollection" ,  , "10.1002/14651858.cd003362.pub2" , "19370585" , "http://dx.doi.org/10.1002/14651858.cd003362.pub2 | http://www.ncbi.nlm.nih.gov/pubmed/%3Fterm" ,
 "https://w3id.org/oc/corpus/br/105225" , "http://purl.org/spar/fabio/Expression | http://purl.org/spar/fabio/ReferenceEntry" , "Pain relief for neonatal circumcision" , "2004" , "Brady-Fryer - Barbara | Wiebe - Natasha | Lander - Janice A" , "Wiley-Blackwell" , "Cochrane Database of Systematic Reviews - Reviews" , "http://purl.org/spar/fabio/Expression | http://purl.org/spar/fabio/ExpressionCollection" ,  , "10.1002/14651858.cd004217.pub2" , "15495086" , "http://dx.doi.org/10.1002/14651858.cd004217.pub2" ,
 "https://w3id.org/oc/corpus/br/105270" , "http://purl.org/spar/fabio/Expression | http://purl.org/spar/fabio/ReferenceEntry" , "Substitution of doctors by nurses in primary care" , "2005" , "Laurant - Miranda | Reeves - David | Hermens - Rosella | Braspenning - Jose | Grol - Richard | Sibbald - Bonnie" , "Wiley-Blackwell" , "Cochrane Database of Systematic Reviews - Reviews" , "http://purl.org/spar/fabio/Expression | http://purl.org/spar/fabio/ExpressionCollection" ,  , "10.1002/14651858.cd001271.pub2" , "15846614" , "http://dx.doi.org/10.1002/14651858.cd001271.pub2 | http://onlinelibrary.wiley.com/doi/10.1002/14651858.cd001271.pub2/abstract" ,
 "https://w3id.org/oc/corpus/br/113366" , "http://purl.org/spar/fabio/Expression | http://purl.org/spar/fabio/ReferenceEntry" , "Pharmacological interventions for borderline personality disorder" , "2010" , "Stoffers - Jutta | Völlm - Birgit A | Rücker - Gerta | Timmer - Antje | Huband - Nick | Lieb - Klaus" , "Wiley-Blackwell" , "Cochrane Database of Systematic Reviews - Reviews" , "http://purl.org/spar/fabio/Expression | http://purl.org/spar/fabio/ExpressionCollection" ,  , "10.1002/14651858.cd005653.pub2" , "20556762" , "http://dx.doi.org/10.1002/14651858.cd005653.pub2" ,
 "https://w3id.org/oc/corpus/br/113835" , "http://purl.org/spar/fabio/Expression | http://purl.org/spar/fabio/ReferenceEntry" , "High flow nasal cannula for respiratory support in preterm infants" , "2011" , "Wilkinson - Dominic | Andersen - Chad | O'Donnell - Colm PF | De Paoli - Antonio G" , "Wiley-Blackwell" , "Cochrane Database of Systematic Reviews - Reviews" , "http://purl.org/spar/fabio/Expression | http://purl.org/spar/fabio/ExpressionCollection" ,  , "10.1002/14651858.cd006405.pub2" , "21563154" , "http://dx.doi.org/10.1002/14651858.cd006405.pub2" ,
 "https://w3id.org/oc/corpus/br/113841" , "http://purl.org/spar/fabio/Expression | http://purl.org/spar/fabio/ReferenceEntry" , "High-flow nasal cannula therapy for respiratory support in children" , "2014" , "Mayfield - Sara | Jauncey-Cooke - Jacqueline | Hough - Judith L | Schibler - Andreas | Gibbons - Kristen | Bogossian - Fiona" , "Wiley-Blackwell" , "Cochrane Database of Systematic Reviews - Reviews" , "http://purl.org/spar/fabio/Expression | http://purl.org/spar/fabio/ExpressionCollection" ,  , "10.1002/14651858.cd009850.pub2" , "24604698" , "http://dx.doi.org/10.1002/14651858.cd009850.pub2" ,
 "https://w3id.org/oc/corpus/br/113851" , "http://purl.org/spar/fabio/Expression | http://purl.org/spar/fabio/ReferenceEntry" , "High-flow nasal cannula therapy for infants with bronchiolitis" , "2014" , "Beggs - Sean | Wong - Zee Hame | Kaul - Sheena | Ogden - Kathryn J | Walters - Julia AE" , "Wiley-Blackwell" , "Cochrane Database of Systematic Reviews - Reviews" , "http://purl.org/spar/fabio/Expression | http://purl.org/spar/fabio/ExpressionCollection" ,  , "10.1002/14651858.cd009609.pub2" , "24442856" , "http://dx.doi.org/10.1002/14651858.cd009609.pub2" ,
 "https://w3id.org/oc/corpus/br/115115" , "http://purl.org/spar/fabio/Expression | http://purl.org/spar/fabio/ReferenceEntry" , "Pan American Health Organization (PAHO)" , "None" , "Maeda - Jared Lane K." , "SAGE Publications" , "Encyclopedia of Health Services Research" , "http://purl.org/spar/fabio/Expression | http://purl.org/spar/fabio/ExpressionCollection" ,  , "10.4135/9781412971942.n306" ,  , "http://dx.doi.org/10.4135/9781412971942.n306 | http://www.paho.org | http://www.paho.org/immunization/toolkit/resources/paho-publication/missedopportunity-vaccination-protocol-2013.pdf%3Fua | http://iris.paho.org/xmlui/bitstream/handle/123456789/4814/ce144-22-e.pdf%3Fsequence | http://www.paho.org/hq/index.php%3Foption | http://hist.library.paho.org/english/gov/ce/116_14.pdf" ,
 "https://w3id.org/oc/corpus/br/135664" , "http://purl.org/spar/fabio/Expression | http://purl.org/spar/fabio/ReferenceEntry" , "Audit and feedback: effects on professional practice and health care outcomes" , "2003" , "Thomson O'Brien - MA | Oxman - AD | Jamtvedt - G | Young - JM | Kristoffersen - DT" , "Wiley-Blackwell" , "The Cochrane Database of Systematic Reviews - Reviews" , "http://purl.org/spar/fabio/Expression | http://purl.org/spar/fabio/ExpressionCollection" ,  , "10.1002/14651858.cd000259" ,  , "http://dx.doi.org/10.1002/14651858.cd000259" ,
 "https://w3id.org/oc/corpus/br/137152" , "http://purl.org/spar/fabio/Expression | http://purl.org/spar/fabio/ReferenceEntry" , "Surgical interventions for lumbar disc prolapse" , "2007" , "Gibson - JNA | Waddell - G" , "Wiley-Blackwell" , "Cochrane Database of Systematic Reviews - Reviews" , "http://purl.org/spar/fabio/Expression | http://purl.org/spar/fabio/ExpressionCollection" ,  , "10.1002/14651858.cd001350.pub3" , "17253457" , "http://dx.doi.org/10.1002/14651858.cd001350.pub3" ,
 "https://w3id.org/oc/corpus/br/137158" , "http://purl.org/spar/fabio/Expression | http://purl.org/spar/fabio/ReferenceEntry" , "Red flags to screen for vertebral fracture in patients presenting with low-back pain" , "2013" , "Henschke - Nicholas | Koes - Bart W. | Williams - Christopher M | Maher - Christopher G. | van Tulder - Maurits W | Macaskill - Petra | Irwig - Les" , "Wiley-Blackwell" , "Cochrane Database of Systematic Reviews - Reviews" , "http://purl.org/spar/fabio/Expression | http://purl.org/spar/fabio/ExpressionCollection" ,  , "10.1002/14651858.cd008643.pub2" , "23440831" , "http://dx.doi.org/10.1002/14651858.cd008643.pub2" ,
 "https://w3id.org/oc/corpus/br/137160" , "http://purl.org/spar/fabio/Expression | http://purl.org/spar/fabio/ReferenceEntry" , "Red flags to screen for malignancy in patients with low-back pain" , "2013" , "Henschke - Nicholas | Maher - Christopher G. | Ostelo - Raymond WJG | de Vet - Henrica CW | Macaskill - Petra | Irwig - Les" , "Wiley-Blackwell" , "Cochrane Database of Systematic Reviews - Reviews" , "http://purl.org/spar/fabio/Expression | http://purl.org/spar/fabio/ExpressionCollection" ,  , "10.1002/14651858.cd008686.pub2" , "23450586" , "http://dx.doi.org/10.1002/14651858.cd008686.pub2" ,
 "https://w3id.org/oc/corpus/br/137552" , "http://purl.org/spar/fabio/Expression | http://purl.org/spar/fabio/ReferenceEntry" , "Assembling Genomic DNA Sequences with PHRAP" , "2007" , "de la Bastide - Melissa | McCombie - W. Richard" , "Wiley-Blackwell" , "Current Protocols in Bioinformatics" , "http://purl.org/spar/fabio/Expression | http://purl.org/spar/fabio/ExpressionCollection" ,  , "10.1002/0471250953.bi1104s17 | 10.1002/0471250953.bi1104s17 (" , "18428783" , "http://dx.doi.org/10.1002/0471250953.bi1104s17" ,
 "https://w3id.org/oc/corpus/br/138672" , "http://purl.org/spar/fabio/Expression | http://purl.org/spar/fabio/ReferenceEntry" , "Mobile phone text messaging for promoting adherence to antiretroviral therapy in patients with HIV infection" , "2012" , "Horvath - Tara | Azman - Hana | Kennedy - Gail E | Rutherford - George W" , "Wiley-Blackwell" , "Cochrane Database of Systematic Reviews - Reviews" , "http://purl.org/spar/fabio/Expression | http://purl.org/spar/fabio/ExpressionCollection" ,  , "10.1002/14651858.cd009756" , "22419345" , "http://dx.doi.org/10.1002/14651858.cd009756" ,
 "https://w3id.org/oc/corpus/br/115173" , "http://purl.org/spar/fabio/Expression | http://purl.org/spar/fabio/ReferenceEntry" , "Palliative interventions for controlling vaginal bleeding in advanced cervical cancer" , "2015" , "Eleje - George U | Eke - Ahizechukwu C | Igberase - Gabriel O | Igwegbe - Anthony O | Eleje - Lydia I" , "Wiley-Blackwell" , "Cochrane Database of Systematic Reviews - Reviews" , "http://purl.org/spar/fabio/Expression | http://purl.org/spar/fabio/ExpressionCollection" ,  , "10.1002/14651858.cd011000.pub2" , "25932968" , "http://dx.doi.org/10.1002/14651858.cd011000.pub2" ,
 "https://w3id.org/oc/corpus/br/115849" , "http://purl.org/spar/fabio/Expression | http://purl.org/spar/fabio/ReferenceEntry" , "Local opinion leaders: effects on professional practice and health care outcomes" , "2011" , "Flodgren - Gerd | Parmelli - Elena | Doumit - Gaby | Gattellari - Melina | O'Brien - Mary Ann | Grimshaw - Jeremy | Eccles - Martin P" , "Wiley-Blackwell" , "Cochrane Database of Systematic Reviews - Reviews" , "http://purl.org/spar/fabio/Expression | http://purl.org/spar/fabio/ExpressionCollection" ,  , "10.1002/14651858.cd000125.pub4" , "21833939" , "http://dx.doi.org/10.1002/14651858.cd000125.pub4" ,
 "https://w3id.org/oc/corpus/br/115896" , "http://purl.org/spar/fabio/Expression | http://purl.org/spar/fabio/ReferenceEntry" , "Strategies for increasing the participation of women in community breast cancer screening" , "2001" , "Bonfill Cosp - Xavier | Marzo Castillejo - Mercè | Pladevall Vila - Manel | Marti - Joan | Emparanza - José I" , "Wiley-Blackwell" , "Cochrane Database of Systematic Reviews - Reviews" , "http://purl.org/spar/fabio/Expression | http://purl.org/spar/fabio/ExpressionCollection" ,  , "10.1002/14651858.cd002943" , "11279781" , "http://dx.doi.org/10.1002/14651858.cd002943" ,
 "https://w3id.org/oc/corpus/br/115900" , "http://purl.org/spar/fabio/Expression | http://purl.org/spar/fabio/ReferenceEntry" , "Interventions to encourage uptake of cancer screening for people with severe mental illness" , "2013" , "Barley - Elizabeth | Borschmann - Rohan D | Walters - Paul | Tylee - Andre" , "Wiley-Blackwell" , "Cochrane Database of Systematic Reviews - Reviews" , "http://purl.org/spar/fabio/Expression | http://purl.org/spar/fabio/ExpressionCollection" ,  , "10.1002/14651858.cd009641.pub2" , "23857563" , "http://dx.doi.org/10.1002/14651858.cd009641.pub2" ,
 "https://w3id.org/oc/corpus/br/116064" , "http://purl.org/spar/fabio/Expression | http://purl.org/spar/fabio/ReferenceEntry" , "Prenatal administration of progesterone for preventing preterm birth in women considered to be at risk of preterm birth" , "2013" , "Cincotta - Robert | Dodd - Jodie M | Jones - Leanne | Flenady - Vicki | Crowther - Caroline A" , "Wiley-Blackwell" , "Cochrane Database of Systematic Reviews - Reviews" , "http://purl.org/spar/fabio/Expression | http://purl.org/spar/fabio/ExpressionCollection" ,  , "10.1002/14651858.cd004947.pub3" , "23903965" , "http://dx.doi.org/10.1002/14651858.cd004947.pub3 | http://dx.doi.org/10.1002/14651858.cd004947" ,
 "https://w3id.org/oc/corpus/br/138841" , "http://purl.org/spar/fabio/Expression | http://purl.org/spar/fabio/ReferenceEntry" , "Interventions to promote collaboration between nurses and doctors" , "2000" , "Zwarenstein - Merrick | Bryant - Wendy" , "Wiley-Blackwell" , "Cochrane Database of Systematic Reviews - Reviews" , "http://purl.org/spar/fabio/Expression | http://purl.org/spar/fabio/ExpressionCollection" ,  , "10.1002/14651858.cd000072" , "10796485" , "http://dx.doi.org/10.1002/14651858.cd000072" ,
 "https://w3id.org/oc/corpus/br/139424" , "http://purl.org/spar/fabio/Expression | http://purl.org/spar/fabio/ReferenceEntry" , "Generalized Estimating Equations (GEE)" , "2005" , "Hardin - James W." , "Wiley-Blackwell" , "Encyclopedia of Statistics in Behavioral Science" , "http://purl.org/spar/fabio/Expression | http://purl.org/spar/fabio/ExpressionCollection" ,  , "10.1002/0470013192.bsa250" ,  , "http://dx.doi.org/10.1002/0470013192.bsa250 | http://onlinelibrary.wiley.com/doi/10.1002/0470013192.bsa250/abstract" ,
 "https://w3id.org/oc/corpus/br/139569" , "http://purl.org/spar/fabio/Expression | http://purl.org/spar/fabio/ReferenceEntry" , "Comparison of protocols and registry entries to published reports for randomised controlled trials" , "2011" , "Dwan - Kerry | Altman - Douglas G | Cresswell - Lynne | Blundell - Michaela | Gamble - Carrol L | Williamson - Paula R" , "Wiley-Blackwell" , "Cochrane Database of Systematic Reviews - Reviews" , "http://purl.org/spar/fabio/Expression | http://purl.org/spar/fabio/ExpressionCollection" ,  , "10.1002/14651858.mr000031.pub2" , "21249714" , "http://dx.doi.org/10.1002/14651858.mr000031.pub2" ,
 "https://w3id.org/oc/corpus/br/93778" , "http://purl.org/spar/fabio/Expression | http://purl.org/spar/fabio/ReferenceEntry" , "Financial benefits for child health and well-being in low income or socially disadvantaged families in developed world countries" , "2008" , "Lucas - Patricia | McIntosh - Karen | Petticrew - Mark | Roberts - Helen M | Shiell - Alan" , "Wiley-Blackwell" , "Cochrane Database of Systematic Reviews - Reviews" , "http://purl.org/spar/fabio/Expression | http://purl.org/spar/fabio/ExpressionCollection" ,  , "10.1002/14651858.cd006358.pub2" ,  , "http://dx.doi.org/10.1002/14651858.cd006358.pub2" ,
 "https://w3id.org/oc/corpus/br/93791" , "http://purl.org/spar/fabio/Expression | http://purl.org/spar/fabio/ReferenceEntry" , "In-work tax credits for families and their impact on health status in adults" , "2013" , "Pega - Frank | Carter - Kristie | Blakely - Tony | Lucas - Patricia J" , "Wiley-Blackwell" , "Cochrane Database of Systematic Reviews - Reviews" , "http://purl.org/spar/fabio/Expression | http://purl.org/spar/fabio/ExpressionCollection" ,  , "10.1002/14651858.cd009963.pub2" ,  , "http://dx.doi.org/10.1002/14651858.cd009963.pub2" ,
 "https://w3id.org/oc/corpus/br/94160" , "http://purl.org/spar/fabio/Expression | http://purl.org/spar/fabio/ReferenceEntry" , "p53 Testing for Li-Fraumeni and Li-Fraumeni-Like Syndromes" , "2008" , "Gonzalez - Kelly | Fong - Cindy | Buzin - Carolyn | Sommer - Steve S. | Saldivar - Juan-Sebastian" , "Wiley-Blackwell" , "Current Protocols in Human Genetics" , "http://purl.org/spar/fabio/Expression | http://purl.org/spar/fabio/ExpressionCollection" ,  , "10.1002/0471142905.hg1010s57" ,  , "http://dx.doi.org/10.1002/0471142905.hg1010s57" ,
 "https://w3id.org/oc/corpus/br/95374" , "http://purl.org/spar/fabio/Expression | http://purl.org/spar/fabio/ReferenceEntry" , "Effects and safety of preventive oral iron or iron+folic acid supplementation for women during pregnancy" , "2009" , "Peña-Rosas - Juan Pablo | Viteri - Fernando E" , "Wiley-Blackwell" , "Cochrane Database of Systematic Reviews - Reviews" , "http://purl.org/spar/fabio/Expression | http://purl.org/spar/fabio/ExpressionCollection" ,  , "10.1002/14651858.cd004736.pub3" , "19821332" , "http://dx.doi.org/10.1002/14651858.cd004736.pub3" ,
 "https://w3id.org/oc/corpus/br/95382" , "http://purl.org/spar/fabio/Expression | http://purl.org/spar/fabio/ReferenceEntry" , "Daily oral iron supplementation during pregnancy" , "2012" , "Peña-Rosas - Juan Pablo | De-Regil - Luz Maria | Dowswell - Therese | Viteri - Fernando E" , "Wiley-Blackwell" , "Cochrane Database of Systematic Reviews - Reviews" , "http://purl.org/spar/fabio/Expression | http://purl.org/spar/fabio/ExpressionCollection" ,  , "10.1002/14651858.cd004736.pub4" , "23235616" , "http://dx.doi.org/10.1002/14651858.cd004736.pub4" ,
 "https://w3id.org/oc/corpus/br/95384" , "http://purl.org/spar/fabio/Expression | http://purl.org/spar/fabio/ReferenceEntry" , "Treatments for iron-deficiency anaemia in pregnancy" , "2011" , "Reveiz - Ludovic | Gyte - Gillian ML | Cuervo - Luis Gabriel | Casasbuenas - Alexandra" , "Wiley-Blackwell" , "Cochrane Database of Systematic Reviews - Reviews" , "http://purl.org/spar/fabio/Expression | http://purl.org/spar/fabio/ExpressionCollection" ,  , "10.1002/14651858.cd003094.pub3" , "21975735" , "http://dx.doi.org/10.1002/14651858.cd003094.pub3" ,
 "https://w3id.org/oc/corpus/br/95575" , "http://purl.org/spar/fabio/Expression | http://purl.org/spar/fabio/ReferenceEntry" , "Psychological therapies (Internet-delivered) for the management of chronic pain in adults" , "2014" , "Eccleston - Christopher | Fisher - Emma | Craig - Lorraine | Duggan - Geoffrey B | Rosser - Benjamin A | Keogh - Edmund" , "Wiley-Blackwell" , "Cochrane Database of Systematic Reviews - Reviews" , "http://purl.org/spar/fabio/Expression | http://purl.org/spar/fabio/ExpressionCollection" ,  , "10.1002/14651858.cd010152.pub2" , "24574082" , "http://dx.doi.org/10.1002/14651858.cd010152.pub2" ,
 "https://w3id.org/oc/corpus/br/116090" , "http://purl.org/spar/fabio/Expression | http://purl.org/spar/fabio/ReferenceEntry" , "New Freedom Commission on Mental Health" , "None" ,  , "Springer Science + Business Media" , "SpringerReference" , "http://purl.org/spar/fabio/Expression | http://purl.org/spar/fabio/ExpressionCollection" ,  , "10.1007/springerreference_70036" ,  , "http://dx.doi.org/10.1007/springerreference_70036" ,
 "https://w3id.org/oc/corpus/br/116191" , "http://purl.org/spar/fabio/Expression | http://purl.org/spar/fabio/ReferenceEntry" , "Non-specialist health worker interventions for the care of mental, neurological and substance-abuse disorders in low- and middle-income countries" , "2013" , "van Ginneken - Nadja | Tharyan - Prathap | Lewin - Simon | Rao - Girish N | Meera - SM | Pian - Jessica | Chandrashekar - Sudha | Patel - Vikram" , "Wiley-Blackwell" , "Cochrane Database of Systematic Reviews - Reviews" , "http://purl.org/spar/fabio/Expression | http://purl.org/spar/fabio/ExpressionCollection" ,  , "10.1002/14651858.cd009149.pub2" , "24249541" , "http://dx.doi.org/10.1002/14651858.cd009149.pub2" ,
 "https://w3id.org/oc/corpus/br/117229" , "http://purl.org/spar/fabio/Expression | http://purl.org/spar/fabio/ReferenceEntry" , "Exercise for depression" , "2012" , "Lawlor - D. A. | Rimer - Jane | Dwan - Kerry | Greig - Carolyn A | McMurdo - Marion | Morley - Wendy | Mead - Gillian E" , "Wiley-Blackwell" , "Protocols - Cochrane Database of Systematic Reviews" , "http://purl.org/spar/fabio/Expression | http://purl.org/spar/fabio/ExpressionCollection" ,  , "10.1002/14651858.cd004366.pub5" , "22786489" , "http://dx.doi.org/10.1002/14651858.cd004366.pub5" ,
 "https://w3id.org/oc/corpus/br/117533" , "http://purl.org/spar/fabio/Expression | http://purl.org/spar/fabio/ReferenceEntry" , "Support for breastfeeding mothers" , "2007" , "Britton - Cathryn | McCormick - Felicia M | Renfrew - Mary J | Wade - Angela | King - Sarah E" , "Wiley-Blackwell" , "Cochrane Database of Systematic Reviews - Reviews" , "http://purl.org/spar/fabio/Expression | http://purl.org/spar/fabio/ExpressionCollection" ,  , "10.1002/14651858.cd001141.pub3" , "17253455" , "http://dx.doi.org/10.1002/14651858.cd001141.pub3" ,
 "https://w3id.org/oc/corpus/br/118633" , "http://purl.org/spar/fabio/Expression | http://purl.org/spar/fabio/ReferenceEntry" , "Interventions for preventing and treating pelvic and back pain in pregnancy" , "2013" , "Liddle - Dianne | Pennick - Victoria" , "Wiley-Blackwell" , "Cochrane Database of Systematic Reviews - Reviews" , "http://purl.org/spar/fabio/Expression | http://purl.org/spar/fabio/ExpressionCollection" ,  , "10.1002/14651858.cd001139.pub3" , "23904227" , "http://dx.doi.org/10.1002/14651858.cd001139.pub3 | http://www.ncbi.nlm.nih.gov/pubmed/23904227" ,
 "https://w3id.org/oc/corpus/br/119945" , "http://purl.org/spar/fabio/Expression | http://purl.org/spar/fabio/ReferenceEntry" , "Screening programmes for the early detection and prevention of oral cancer" , "2013" , "Brocklehurst - Paul | Kujan - Omar | O'Malley - Lucy A | Ogden - Graham | Shepherd - Simon | Glenny - Anne-Marie" , "Wiley-Blackwell" , "Cochrane Database of Systematic Reviews - Reviews" , "http://purl.org/spar/fabio/Expression | http://purl.org/spar/fabio/ExpressionCollection" ,  , "10.1002/14651858.cd004150.pub4" , "24254989" , "http://dx.doi.org/10.1002/14651858.cd004150.pub4" ,
 "https://w3id.org/oc/corpus/br/120556" , "http://purl.org/spar/fabio/Expression | http://purl.org/spar/fabio/ReferenceEntry" , "Single dose oral gabapentin for established acute postoperative pain in adults" , "2010" , "Straube - Sebastian | Derry - Sheena | Moore - R Andrew | Wiffen - Philip J | McQuay - Henry J" , "Wiley-Blackwell" , "Cochrane Database of Systematic Reviews - Reviews" , "http://purl.org/spar/fabio/Expression | http://purl.org/spar/fabio/ExpressionCollection" ,  , "10.1002/14651858.cd008183.pub2" , "20464764" , "http://dx.doi.org/10.1002/14651858.cd008183.pub2" ,
 "https://w3id.org/oc/corpus/br/120761" , "http://purl.org/spar/fabio/Expression | http://purl.org/spar/fabio/ReferenceEntry" , "Cytometry in Malaria-A Practical Replacement for Microscopy?" , "2013" , "Hänscheid - Thomas | Shapiro - Howard M. | Apte - Simon H. | Chojnowski - Grace M. | Rebelo - Maria | Grimberg - Brian T." , "Wiley-Blackwell" , "Current Protocols in Cytometry" , "http://purl.org/spar/fabio/Expression | http://purl.org/spar/fabio/ExpressionCollection" ,  , "10.1002/0471142956.cy1120s65 | 10.1002/0471142956.cy1120s65." ,  , "http://dx.doi.org/10.1002/0471142956.cy1120s65" ,
